r AB ABED
r AB ABLY
r ABAS ABASER
r ABAS ABASED
r ABAS ABASES
r ABAS ABASING
r ABBES ABBESS
r ABDUCENT ABDUCENTES
r ABYS ABYSS
r ABRADE ABRADER
r ABSENT ABSENTLY
r ABSINTH ABSINTHES
r ACALEPH ACALEPHES
r ACID ACIDLY
r ACQUIRE ACQUIREES
r ACTION ACTIONER
r ACTIVE ACTIVELY
r ADD ADDER
r ADDED ADDEDLY
r ADULT ADULTLY
r ADVISE ADVISEES
r AERIAL AERIALLY
r AEROBIC AEROBICS
r AFFAIR AFFAIRES
r AFFINE AFFINELY
r AFT AFTER
r AFTER AFTERS
r AG AGER
r AG AGED
r AG AGES
r AG AGING
r AG AGLY
r AGA AGAR
r AGED AGEDLY
r AGENES AGENESES
r AGITATO AGITATOR
r AGLYCON AGLYCONES
r AGONE AGONES
r AI AIR
r AID AIDES
r AIDE AIDER
r AIRLINE AIRLINER
r ALA ALAS
r ALA ALAR
r AL ALES
r AL ALLY
r ALANIN ALANINES
r ALEURON ALEURONES
r ALEXIN ALEXINES
r ALIAS ALIASING
r ALIDAD ALIDADES
r ALIEN ALIENER
r ALIEN ALIENLY
r ALINE ALINER
r ALKALIS ALKALISED
r ALKALIS ALKALISES
r ALKALIS ALKALISING
r ALMUD ALMUDES
r ALPINE ALPINELY
r ALT ALTER
r ALUMIN ALUMINES
r ALWAY ALWAYS
r AMAS AMASS
r AMBARI AMBARIES
r AMIDIN AMIDINES
r AMID AMIDES
r AMI AMIR
r AMI AMIES
r AMIS AMISS
r AMIN AMINES
r AMP AMPLY
r AMPUL AMPULES
r AMUS AMUSER
r AMUS AMUSED
r AMUS AMUSES
r AMUS AMUSING
r ANAL ANALLY
r ANALYSE ANALYSER
r ANCHO ANCHOR
r ANETHOL ANETHOLES
r ANGER ANGERLY
r ANILIN ANILINES
r ANIMAL ANIMALLY
r ANIMATE ANIMATER
r ANIMATO ANIMATOR
r ANIS ANISES
r ANISE ANISEED
r ANNUAL ANNUALLY
r ANTIC ANTICLY
r ANTIGEN ANTIGENES
r ANT ANTED
r ANT ANTES
r ANT ANTING
r AN ANES
r ANYWAY ANYWAYS
r APHID APHIDES
r APICAL APICALLY
r APP APPLY
r ARBOR ARBORED
r ARCH ARCHER
r ARCH ARCHLY
r ARMOR ARMORER
r ARMOUR ARMOURER
r AR ARES
r ARS ARSES
r ARTIST ARTISTES
r ASCARID ASCARIDES
r ASPERS ASPERSER
r ASPERS ASPERSED
r ASPERS ASPERSES
r ASPERS ASPERSING
r ASPIRE ASPIRER
r ASP ASPER
r ASSES ASSESS
r AS ASS
r ASTRAL ASTRALLY
r AT ATES
r ATOMIC ATOMICS
r ATOMISE ATOMISER
r ATOMIZE ATOMIZER
r ATROPIN ATROPINES
r ATTRIT ATTRITED
r ATTRIT ATTRITES
r ATTRIT ATTRITING
r AUNT AUNTLY
r AURA AURAR
r AUTOMAT AUTOMATED
r AUTOMAT AUTOMATES
r AUTOMAT AUTOMATING
r AVE AVER
r AWN AWNING
r AW AWED
r AW AWES
r AW AWING
r AXILLA AXILLAR
r AXON AXONES
r AY AYES
r BACK BACKER
r BAD BADLY
r BADGE BADGER
r BADGER BADGERLY
r BAGGIE BAGGIER
r BAGPIPE BAGPIPER
r BAIL BAILER
r BAIRN BAIRNLY
r BALD BALDLY
r BALLAD BALLADES
r BAL BALER
r BAL BALED
r BAL BALES
r BAL BALING
r BAL BALLY
r BANG BANGER
r BAN BANED
r BAN BANES
r BAN BANING
r BANK BANKER
r BAPTIZE BAPTIZER
r BARB BARBER
r BARB BARBES
r BARBE BARBER
r BARE BARELY
r BARF BARFLY
r BARGE BARGEES
r BARMIE BARMIER
r BAR BARER
r BAR BARED
r BAR BARES
r BAR BARING
r BARYTON BARYTONES
r BASALT BASALTES
r BA BAR
r BAS BASS
r BAS BASER
r BAS BASED
r BAS BASES
r BAS BASING
r BASE BASELY
r BASS BASSLY
r BAST BASTER
r BAST BASTED
r BAST BASTES
r BAST BASTING
r BAT BATED
r BAT BATES
r BAT BATING
r BATT BATTER
r BATT BATTED
r BATT BATTING
r BATTU BATTUES
r BEAK BEAKER
r BEAST BEASTLY
r BEDWARD BEDWARDS
r BEE BEER
r BE BES
r BE BEER
r BE BEES
r BEEP BEEPER
r BEETLE BEETLER
r BEGGAR BEGGARLY
r BEGRIM BEGRIMED
r BEGRIM BEGRIMES
r BEGRIM BEGRIMING
r BELDAM BELDAMES
r BELL BELLES
r BEL BELLY
r BENCH BENCHER
r BENEFIC BENEFICED
r BENEFIC BENEFICES
r BENEFIC BENEFICING
r BEN BENES
r BENNI BENNIES
r BENZIN BENZINES
r BENZOL BENZOLES
r BERLIN BERLINES
r BERM BERMES
r BESIDE BESIDES
r BETIME BETIMES
r BIS BISES
r BI BIER
r BIALI BIALIES
r BIBB BIBBER
r BIBB BIBBED
r BIBB BIBBING
r BIBLES BIBLESS
r BICORN BICORNES
r BID BIDER
r BID BIDED
r BID BIDES
r BID BIDING
r BIFORM BIFORMED
r BIG BIGLY
r BIGOT BIGOTED
r BINE BINER
r BIN BINER
r BIN BINES
r BIOTIC BIOTICS
r BIRD BIRDER
r BITT BITTER
r BITING BITINGLY
r BIZ BIZES
r BLACK BLACKLY
r BLAM BLAMER
r BLAM BLAMED
r BLAM BLAMES
r BLAM BLAMING
r BLANCH BLANCHER
r BLANK BLANKLY
r BLASTIE BLASTIER
r BLAZE BLAZER
r BLEAK BLEAKLY
r BLEND BLENDES
r BLENDE BLENDER
r BLOWS BLOWSED
r BLIND BLINDLY
r BLINK BLINKER
r BLOAT BLOATER
r BLONDE BLONDER
r BLOND BLONDES
r BLOOM BLOOMER
r BLOOP BLOOPER
r BLUDGE BLUDGER
r BLUE BLUELY
r BOA BOAR
r BOS BOSS
r BO BOING
r BOCCI BOCCIES
r BODING BODINGLY
r BOD BODED
r BOD BODES
r BOD BODING
r BOGGLE BOGGLER
r BOIL BOILER
r BOLA BOLAR
r BOLT BOLTER
r BOMB BOMBES
r BOMBE BOMBER
r BONE BONER
r BONNIE BONNIER
r BONZE BONZER
r BOO BOOR
r BORING BORINGLY
r BOSK BOSKER
r BOTH BOTHER
r BOURN BOURNES
r BOVINE BOVINELY
r BOWS BOWSED
r BOWS BOWSES
r BOWS BOWSING
r BOW BOWER
r BOWING BOWINGLY
r BOX BOXER
r BRAILLE BRAILLER
r BRA BRAES
r BRAS BRASS
r BRASSIE BRASSIER
r BRAW BRAWS
r BRAW BRAWLY
r BRAWL BRAWLER
r BRAWLIE BRAWLIER
r BRAY BRAYER
r BRAZEN BRAZENLY
r BROKE BROKER
r BRED BREDES
r BRIBE BRIBEES
r BRIDAL BRIDALLY
r BRIEF BRIEFLY
r BRIE BRIER
r BRIN BRINER
r BRIN BRINED
r BRIN BRINES
r BRIN BRINING
r BRISK BRISKLY
r BRITT BRITTLY
r BROAD BROADLY
r BROIL BROILER
r BROMID BROMIDES
r BROMIN BROMINES
r BROS BROSES
r BROTH BROTHER
r BROWS BROWSER
r BROWS BROWSED
r BROWS BROWSES
r BROWS BROWSING
r BROWNIE BROWNIER
r BRR BRRR
r BRUCIN BRUCINES
r BRUISE BRUISER
r BRUT BRUTED
r BRUT BRUTES
r BRUT BRUTING
r BRUTE BRUTELY
r BUBAL BUBALES
r BUBBLE BUBBLER
r BUCK BUCKER
r BUCKLE BUCKLER
r BUFFI BUFFIER
r BUGLE BUGLER
r BULGE BULGER
r BUMP BUMPER
r BUNK BUNKER
r BURB BURBLY
r BURGH BURGHER
r BURG BURGER
r BURS BURSES
r BUR BURLY
r BURSA BURSAR
r BURSE BURSEED
r BUSH BUSHER
r BUSK BUSKER
r BUST BUSTER
r BUTCH BUTCHER
r BUTLE BUTLER
r BUT BUTES
r BUTT BUTTER
r BUTT BUTTES
r BUTTE BUTTER
r BUZZ BUZZER
r BY BYES
r BYLINE BYLINER
r CAB CABER
r CABEZON CABEZONES
r CABLE CABLER
r CAD CADES
r CAFFEIN CAFFEINES
r CAGE CAGER
r CALAMARI CALAMARIES
r CAMAS CAMASS
r CAMPI CAMPIER
r CAMPI CAMPILY
r CAM CAMES
r CANDID CANDIDLY
r CAN CANER
r CAN CANED
r CAN CANES
r CAN CANING
r CANOE CANOER
r CANT CANTER
r CANTO CANTOR
r CANVAS CANVASS
r CAPE CAPER
r CAP CAPER
r CAP CAPED
r CAP CAPES
r CAPRIC CAPRICES
r CARABIN CARABINES
r CARACOL CARACOLED
r CARACOL CARACOLES
r CARACOL CARACOLING
r CARAT CARATES
r CARD CARDER
r CARES CARESS
r CARE CAREER
r CARLES CARLESS
r CARLIN CARLINES
r CARL CARLES
r CARL CARLING
r CAR CARR
r CAR CARER
r CAR CARED
r CAR CARES
r CAR CARING
r CARS CARSES
r CART CARTES
r CARTE CARTER
r CASERN CASERNES
r CAST CASTER
r CAST CASTES
r CASTE CASTER
r CASUAL CASUALLY
r CATE CATER
r CATNAP CATNAPER
r CAT CATER
r CAT CATES
r CATTIE CATTIER
r CAUL CAULES
r CAUSAL CAUSALLY
r CAVIAR CAVIARES
r CELLA CELLAR
r CELLAR CELLARER
r CENSE CENSER
r CENT CENTER
r CEP CEPES
r CERCI CERCIS
r CHAFE CHAFER
r CHAFF CHAFFER
r CHAIN CHAINES
r CHAI CHAIR
r CHAIS CHAISES
r CHANCE CHANCER
r CHANG CHANGER
r CHANG CHANGED
r CHANG CHANGES
r CHANG CHANGING
r CHAO CHAOS
r CHAPT CHAPTER
r CHAP CHAPES
r CHAR CHARR
r CHAR CHARED
r CHAR CHARES
r CHAR CHARING
r CHARR CHARRED
r CHARR CHARRING
r CHART CHARTER
r CHEAP CHEAPLY
r CHECK CHECKER
r CHEER CHEERLY
r CHEQUE CHEQUER
r CHIC CHICLY
r CHIEF CHIEFLY
r CHILD CHILDES
r CHILD CHILDING
r CHILD CHILDLY
r CHILLI CHILLIER
r CHILLI CHILLILY
r CHIMB CHIMBLY
r CHIMER CHIMERES
r CHIN CHINED
r CHIN CHINES
r CHIN CHINING
r CHLORID CHLORIDES
r CHLORIN CHLORINES
r CHOPIN CHOPINES
r CHORAL CHORALES
r CHORAL CHORALLY
r CHOWS CHOWSED
r CHOWS CHOWSES
r CHOWS CHOWSING
r CHUKKA CHUKKAR
r CHURCH CHURCHLY
r CINEAST CINEASTES
r CINEOL CINEOLES
r CITRIN CITRINES
r CIVIC CIVICS
r CIVIL CIVILLY
r CLAD CLADES
r CLAMP CLAMPER
r CLANG CLANGER
r CLAQUE CLAQUER
r CLAVE CLAVER
r CLOVE CLOVER
r CLEAVE CLEAVER
r CLAVI CLAVIER
r CLEAN CLEANLY
r CLEANS CLEANSER
r CLEANS CLEANSED
r CLEANS CLEANSES
r CLEANS CLEANSING
r CLEAR CLEARLY
r CLERK CLERKLY
r CLINAL CLINALLY
r CLINCH CLINCHER
r CLINK CLINKER
r CLON CLONER
r CLON CLONED
r CLON CLONES
r CLON CLONING
r CLUNK CLUNKER
r COAL COALER
r COAST COASTER
r COBBLE COBBLER
r COBB COBBER
r COCAIN COCAINES
r COCK COCKER
r COD CODER
r COD CODED
r COD CODES
r COD CODING
r CODEIN CODEINES
r CODRIVE CODRIVER
r COELOM COELOMES
r COEVAL COEVALLY
r COFF COFFER
r COHERE COHERER
r COLD COLDLY
r COLICIN COLICINES
r COLLEGE COLLEGER
r COLLIDE COLLIDER
r COLLIE COLLIER
r COL COLED
r COL COLES
r COL COLLY
r COLONI COLONIES
r COLOUR COLOURER
r COLT COLTER
r COMAKE COMAKER
r COMB COMBES
r COMBING COMBINGS
r COMBE COMBER
r COMETH COMETHER
r COME COMER
r COME COMELY
r COMMON COMMONLY
r COMPAS COMPASS
r COMP COMPLY
r COMPLIN COMPLINES
r COMPOS COMPOSER
r COMPOS COMPOSED
r COMPOS COMPOSES
r COMPOS COMPOSING
r COMPOSE COMPOSER
r COMPUTE COMPUTER
r CONDO CONDOR
r CONGE CONGER
r CONGE CONGEED
r CONGE CONGEES
r CONIN CONINES
r CONI CONIES
r CONJURE CONJURER
r CONK CONKER
r CON CONED
r CON CONES
r CON CONING
r CONSOL CONSOLER
r CONSOL CONSOLED
r CONSOL CONSOLES
r CONSOL CONSOLING
r CONVEX CONVEXLY
r COO COOLY
r COOING COOINGLY
r COOL COOLLY
r COOMB COOMBES
r COOP COOPER
r COOT COOTER
r COPE COPER
r COPS COPSES
r COP COPER
r COP COPED
r COP COPES
r COP COPING
r CORE CORER
r COR CORER
r COR CORED
r COR CORES
r COR CORING
r CORS CORSES
r CORN CORNER
r CORNU CORNUS
r CORPS CORPSES
r COS COSS
r COSH COSHER
r COSINES COSINESS
r COSTA COSTAR
r COST COSTER
r COST COSTLY
r COT COTED
r COT COTES
r COT COTING
r COTTA COTTAR
r COTTAGE COTTAGER
r COUNT COUNTER
r COUP COUPES
r COURANT COURANTES
r COURT COURTLY
r COVE COVER
r COVERT COVERTLY
r COWARD COWARDLY
r COW COWER
r COWED COWEDLY
r COY COYLY
r CRACK CRACKER
r CRACK CRACKLY
r CRANK CRANKLY
r CRANNOG CRANNOGES
r CRAP CRAPED
r CRAP CRAPES
r CRAP CRAPING
r CRAPPIE CRAPPIER
r CRATE CRATER
r CRAVEN CRAVENLY
r CRAW CRAWLY
r CREAM CREAMER
r CREATIN CREATINES
r CREEPIE CREEPIER
r CRIPE CRIPES
r CRISP CRISPLY
r CROCEIN CROCEINES
r CROFT CROFTER
r CROSS CROSSLY
r CROUP CROUPES
r CROWN CROWNER
r CROZE CROZER
r CRUD CRUDER
r CRUD CRUDES
r CRUISE CRUISER
r CRUMB CRUMBLY
r CRUMMIE CRUMMIER
r CRUMP CRUMPLY
r CRUS CRUSES
r CUBIC CUBICLY
r CUB CUBER
r CUB CUBED
r CUB CUBES
r CUB CUBING
r CUPEL CUPELER
r CUPULA CUPULAR
r CUR CURR
r CUR CURER
r CUR CURED
r CUR CURES
r CUR CURING
r CUR CURLY
r CURS CURSER
r CURS CURSED
r CURS CURSES
r CURS CURSING
r CURT CURTLY
r CUSPID CUSPIDES
r CUSSED CUSSEDLY
r CUSTOM CUSTOMER
r CUTE CUTES
r CUTLAS CUTLASS
r CUT CUTER
r CUT CUTES
r CYANID CYANIDED
r CYANID CYANIDES
r CYANID CYANIDING
r CYANIN CYANINES
r CYCLE CYCLER
r CYCLOS CYCLOSES
r CYMA CYMAR
r CYMBAL CYMBALER
r CYPRES CYPRESS
r CYSTEIN CYSTEINES
r DAIRY DAIRYING
r DAL DALES
r DAL DALLY
r DAM DAMES
r DAMP DAMPLY
r DANG DANGER
r DANG DANGLY
r DARING DARINGLY
r DARK DARKLY
r DASHI DASHIER
r DATED DATEDLY
r DAUB DAUBES
r DAUBE DAUBER
r DAUPHIN DAUPHINES
r DEAD DEADLY
r DEAF DEAFLY
r DEAR DEARLY
r DEATH DEATHLY
r DEBARK DEBARKER
r DEBONE DEBONER
r DECANT DECANTER
r DECK DECKER
r DECLASSE DECLASSES
r DECO DECOR
r DEE DEER
r DEEP DEEPLY
r DEF DEFER
r DEFI DEFIER
r DEFI DEFIED
r DEFI DEFIES
r DEL DELED
r DEL DELES
r DEL DELLY
r DELOUSE DELOUSER
r DEMERGE DEMERGER
r DEMOTIC DEMOTICS
r DEMUR DEMURER
r DENI DENIER
r DENI DENIED
r DENI DENIES
r DENS DENSER
r DEN DENES
r DENTAL DENTALLY
r DENTIN DENTINES
r DE DEER
r DE DEED
r DE DEES
r DERAT DERATED
r DERAT DERATES
r DERAT DERATING
r DETAIN DETAINER
r DETECT DETECTER
r DETENT DETENTES
r DEUCED DEUCEDLY
r DEVISE DEVISEES
r DEVOTE DEVOTEES
r DEXTRIN DEXTRINES
r DHOOTI DHOOTIES
r DIALYSE DIALYSER
r DIALYZE DIALYZER
r DIAMIN DIAMINES
r DIAZIN DIAZINES
r DICE DICER
r DICK DICKER
r DIES DIESES
r DIFF DIFFER
r DIGEST DIGESTER
r DIGGING DIGGINGS
r DILATE DILATER
r DILDO DILDOES
r DILL DILLED
r DIME DIMER
r DIM DIMER
r DIM DIMES
r DIM DIMLY
r DING DINGER
r DING DINGES
r DINGE DINGER
r DINK DINKLY
r DIN DINER
r DIN DINED
r DIN DINES
r DIN DINING
r DIOXAN DIOXANES
r DIOXID DIOXIDES
r DIPLEX DIPLEXER
r DIRE DIRELY
r DISCUS DISCUSS
r DIT DITES
r DIVORCE DIVORCEES
r DOCK DOCKER
r DONE DONEES
r DOS DOSS
r DOS DOSER
r DOS DOSED
r DOS DOSES
r DOS DOSING
r DO DOR
r DOGGED DOGGEDLY
r DOG DOGES
r DOIT DOITED
r DOL DOLED
r DOL DOLES
r DOL DOLING
r DOL DOLLY
r DOMAIN DOMAINES
r DOMINE DOMINEER
r DOM DOMED
r DOM DOMES
r DOM DOMING
r DONNE DONNEES
r DORM DORMER
r DORP DORPER
r DORSAL DORSALLY
r DOR DORR
r DORS DORSER
r DOSS DOSSER
r DOTING DOTINGLY
r DOT DOTER
r DOT DOTED
r DOT DOTES
r DOT DOTING
r DOWS DOWSER
r DOWS DOWSED
r DOWS DOWSES
r DOWS DOWSING
r DOW DOWER
r DOUR DOURLY
r DOVECOT DOVECOTES
r DOWN DOWNER
r DRAB DRABLY
r DRAPE DRAPER
r DROVE DROVER
r DRAW DRAWLY
r DRY DRYLY
r DRUGGIE DRUGGIER
r DRUM DRUMLY
r DUAL DUALLY
r DUCKIE DUCKIES
r DUCKIE DUCKIER
r DUDISH DUDISHLY
r DUD DUDED
r DUD DUDES
r DUD DUDING
r DUFF DUFFER
r DULCET DULCETLY
r DUMB DUMBLY
r DUN DUNES
r DUPLEX DUPLEXER
r DUP DUPER
r DUP DUPED
r DUP DUPES
r DUP DUPING
r DURABLE DURABLES
r DURES DURESS
r DUVETYN DUVETYNES
r EAR EARLY
r EARNING EARNINGS
r EARTH EARTHLY
r EASTER EASTERLY
r EAST EASTER
r EAST EASTING
r ECDYSON ECDYSONES
r EDGE EDGER
r EFFECT EFFECTER
r EFTSOON EFTSOONS
r EGAD EGADS
r EGG EGGER
r EIDE EIDER
r EIGHTH EIGHTHLY
r ELATE ELATER
r ELDER ELDERLY
r ELD ELDER
r EMBOLI EMBOLIES
r EMBOW EMBOWER
r EME EMEER
r EMES EMESES
r EMETIN EMETINES
r EMPLOY EMPLOYES
r EMPLOYE EMPLOYER
r EMPLOYE EMPLOYEES
r EM EMES
r EMYD EMYDES
r ENDORSE ENDORSEES
r ENGINE ENGINEER
r ENLARGE ENLARGER
r ENTERIC ENTERICS
r ENTIRE ENTIRELY
r ENURES ENURESES
r ENVELOP ENVELOPES
r ENZYM ENZYMES
r EOSIN EOSINES
r EPIGON EPIGONES
r EPIMER EPIMERES
r EPISTLE EPISTLER
r EQUINE EQUINELY
r ERAS ERASER
r ERAS ERASED
r ERAS ERASES
r ERAS ERASING
r ERECT ERECTER
r ERECT ERECTLY
r ERN ERNES
r EROSE EROSES
r ERRING ERRINGLY
r ERRANT ERRANTLY
r ER ERS
r ER ERR
r ESCALOP ESCALOPES
r ESCAPE ESCAPEES
r ESCHEW ESCHEWER
r ES ESS
r ETAMIN ETAMINES
r ETH ETHER
r EVE EVER
r EVOKE EVOKER
r EWE EWER
r EXAMINE EXAMINEES
r EXECUTE EXECUTER
r EXEMPLA EXEMPLAR
r EXPERT EXPERTLY
r EXPOS EXPOSER
r EXPOS EXPOSED
r EXPOS EXPOSES
r EXPOS EXPOSING
r EXTEND EXTENDER
r EXTERN EXTERNES
r EYAS EYASS
r FACIAL FACIALLY
r FAD FADER
r FAD FADED
r FAD FADES
r FAD FADING
r FAINT FAINTLY
r FAIR FAIRLY
r FAKE FAKEER
r FALCON FALCONER
r FAN FANES
r FARCE FARCER
r FARCI FARCIES
r FARCIE FARCIES
r FARE FARER
r FARL FARLES
r FAR FARER
r FAR FARED
r FAR FARES
r FAR FARING
r FA FAR
r FATAL FATALLY
r FATHER FATHERLY
r FAT FATED
r FAT FATES
r FAT FATING
r FAT FATLY
r FAVOUR FAVOURER
r FES FESS
r FE FER
r FE FEED
r FE FEES
r FEAT FEATLY
r FECK FECKLY
r FEEB FEEBLY
r FEEL FEELER
r FELINE FELINELY
r FELLOW FELLOWLY
r FEM FEMES
r FEND FENDER
r FEOFF FEOFFER
r FER FERES
r FER FERLY
r FEST FESTER
r FETIAL FETIALES
r FET FETED
r FET FETES
r FET FETING
r FIANCE FIANCEES
r FIB FIBER
r FIELD FIELDER
r FIFE FIFER
r FIFTH FIFTHLY
r FILA FILAR
r FILL FILLES
r FILLE FILLER
r FILMI FILMIER
r FILMI FILMILY
r FIL FILER
r FIL FILED
r FIL FILES
r FIL FILING
r FIL FILLY
r FINALIS FINALISED
r FINALIS FINALISES
r FINALIS FINALISING
r FINAL FINALES
r FINAL FINALLY
r FINE FINELY
r FINITE FINITELY
r FIN FINER
r FIN FINED
r FIN FINES
r FIN FINING
r FIRM FIRMLY
r FIR FIRER
r FIR FIRED
r FIR FIRES
r FIR FIRING
r FIRST FIRSTLY
r FISCAL FISCALLY
r FIT FITLY
r FIVE FIVER
r FIXING FIXINGS
r FIXED FIXEDLY
r FLAK FLAKER
r FLAK FLAKED
r FLAK FLAKES
r FLAK FLAKING
r FLAM FLAMER
r FLAM FLAMED
r FLAM FLAMES
r FLAM FLAMING
r FLAT FLATLY
r FLAVIN FLAVINES
r FLAY FLAYS
r FLAY FLAYER
r FLEE FLEER
r FLESH FLESHER
r FLESH FLESHLY
r FLETCH FLETCHER
r FLY FLYER
r FLICK FLICKER
r FLIT FLITED
r FLIT FLITES
r FLIT FLITING
r FLORAL FLORALLY
r FLOSSIE FLOSSIER
r FLOW FLOWER
r FLOWER FLOWERER
r FLUID FLUIDLY
r FLU FLUED
r FLU FLUES
r FLUORID FLUORIDES
r FLUORIN FLUORINES
r FLUTE FLUTER
r FOCAL FOCALLY
r FOLIA FOLIAR
r FOLKMOT FOLKMOTES
r FOND FONDLY
r FONDU FONDUED
r FONDU FONDUES
r FONDU FONDUING
r FOOT FOOTER
r FOOTIE FOOTIER
r FOOTLES FOOTLESS
r FOREST FORESTER
r FORM FORMES
r FORMER FORMERLY
r FORMAL FORMALLY
r FORMAT FORMATES
r FORME FORMER
r FOR FORES
r FORT FORTES
r FOUL FOULLY
r FOUND FOUNDER
r FOU FOUR
r FOURTH FOURTHLY
r FOY FOYER
r FRACTUR FRACTURED
r FRACTUR FRACTURES
r FRACTUR FRACTURING
r FRANK FRANKLY
r FRAT FRATER
r FREE FREELY
r FREEZE FREEZER
r FRESH FRESHLY
r FRIEND FRIENDLY
r FRISE FRISEES
r FRIT FRITES
r FRITT FRITTER
r FRIZ FRIZER
r FRIZZ FRIZZLY
r FRO FROES
r FRONT FRONTES
r FRUIT FRUITER
r FUCHSIN FUCHSINES
r FUGU FUGUED
r FUGU FUGUES
r FUGU FUGUING
r FUMING FUMINGLY
r FUND FUNDER
r FURAN FURANES
r FUROR FURORES
r FUSE FUSEES
r FUSILE FUSILEER
r FUZE FUZEES
r GAFF GAFFER
r GAFF GAFFES
r GAFFE GAFFER
r GAGE GAGER
r GAG GAGER
r GAG GAGED
r GAG GAGES
r GAG GAGING
r GAIN GAINLY
r GAIT GAITER
r GAL GALES
r GAL GALLY
r GAMB GAMBES
r GAMEST GAMESTER
r GAME GAMELY
r GAMINES GAMINESS
r GAMIN GAMINES
r GAM GAMER
r GAM GAMED
r GAM GAMES
r GAM GAMING
r GANG GANGER
r GANG GANGLY
r GANGLIA GANGLIAR
r GAOL GAOLER
r GAPING GAPINGLY
r GAP GAPER
r GAP GAPED
r GAP GAPES
r GAP GAPING
r GARBLES GARBLESS
r GASP GASPER
r GAST GASTER
r GATE GATER
r GAT GATER
r GAT GATED
r GAT GATES
r GAT GATING
r GAY GAYLY
r GEEK GEEKED
r GEEZ GEEZER
r GELATIN GELATINES
r GEMOT GEMOTES
r GENES GENESES
r GENETIC GENETICS
r GENITAL GENITALS
r GEN GENES
r GENOMIC GENOMICS
r GENOM GENOMES
r GENTIL GENTILES
r GENT GENTES
r GENT GENTLY
r GENU GENUS
r GESSO GESSOED
r GEST GESTES
r GHARRI GHARRIES
r GHAST GHASTLY
r GHOST GHOSTLY
r GIB GIBER
r GIB GIBED
r GIB GIBES
r GIB GIBING
r GIFTED GIFTEDLY
r GIGA GIGAS
r GINGELI GINGELIES
r GINGELLI GINGELLIES
r GINGER GINGERLY
r GIRASOL GIRASOLES
r GIRD GIRDER
r GIT GITES
r GLAD GLADES
r GLAD GLADLY
r GLAND GLANDES
r GLASSIE GLASSIER
r GLAZE GLAZER
r GLED GLEDES
r GLEY GLEYING
r GLIADIN GLIADINES
r GLIDE GLIDER
r GLIM GLIMED
r GLIM GLIMES
r GLIM GLIMING
r GLOAM GLOAMING
r GLOB GLOBED
r GLOB GLOBES
r GLOB GLOBING
r GLOVE GLOVER
r GLOW GLOWER
r GLUM GLUMES
r GLUT GLUTES
r GLYCIN GLYCINES
r GNAR GNARLY
r GOBBLE GOBBLER
r GOD GODLY
r GO GOR
r GONE GONER
r GOODBY GOODBYES
r GOOD GOODLY
r GOOS GOOSED
r GOOS GOOSES
r GOOS GOOSING
r GOR GORED
r GOR GORES
r GOR GORING
r GOSPEL GOSPELER
r GOSPEL GOSPELLY
r GOURD GOURDES
r GRACILE GRACILES
r GRADIN GRADINES
r GRAD GRADER
r GRAD GRADED
r GRAD GRADES
r GRAD GRADING
r GRAMARY GRAMARYES
r GRAMMA GRAMMAR
r GRANDAM GRANDAMES
r GRAND GRANDLY
r GRANGE GRANGER
r GRAPLIN GRAPLINES
r GRATINE GRATINEED
r GRATINE GRATINEES
r GRAT GRATER
r GRAT GRATED
r GRAT GRATES
r GRAT GRATING
r GRAVE GRAVELY
r GRAVEL GRAVELLY
r GRAY GRAYLY
r GREAT GREATLY
r GREEN GREENLY
r GREENIE GREENIER
r GROW GROWLY
r GREY GREYLY
r GRID GRIDED
r GRID GRIDES
r GRID GRIDING
r GRIFF GRIFFES
r GRIFT GRIFTER
r GRILL GRILLES
r GRILLE GRILLER
r GRIM GRIMED
r GRIM GRIMES
r GRIM GRIMING
r GRIM GRIMLY
r GROUND GROUNDER
r GRIP GRIPER
r GRIP GRIPED
r GRIP GRIPES
r GRIP GRIPING
r GRIPPE GRIPPER
r GRIST GRISTER
r GRIST GRISTLY
r GROSS GROSSLY
r GROUP GROUPER
r GRUFF GRUFFLY
r GRUM GRUMES
r GRUNGE GRUNGER
r GUANIN GUANINES
r GUID GUIDER
r GUID GUIDED
r GUID GUIDES
r GUID GUIDING
r GUILD GUILDER
r GUL GULES
r GUL GULLY
r GUMMOSE GUMMOSES
r GUSH GUSHER
r HA HAED
r HA HAES
r HACK HACKLY
r HAD HADED
r HAD HADES
r HAD HADING
r HAIR HAIRED
r HALID HALIDES
r HALIDOM HALIDOMES
r HALT HALTER
r HALTER HALTERES
r HAM HAMES
r HANDLES HANDLESS
r HANK HANKER
r HAP HAPLY
r HAPTEN HAPTENES
r HARD HARDS
r HARD HARDLY
r HARMIN HARMINES
r HARP HARPER
r HAST HASTED
r HAST HASTES
r HAST HASTING
r HAT HATER
r HAT HATED
r HAT HATES
r HAT HATING
r HAVE HAVER
r HAWS HAWSER
r HAWS HAWSES
r HAWKEY HAWKEYED
r HAWSE HAWSER
r HAZEL HAZELLY
r HEAD HEADER
r HE HER
r HE HEED
r HEARS HEARSED
r HEARS HEARSES
r HEARS HEARSING
r HEAT HEATER
r HEATED HEATEDLY
r HEATH HEATHER
r HEAVEN HEAVENLY
r HEDONIC HEDONICS
r HEEL HEELER
r HEGUMEN HEGUMENES
r HELL HELLER
r HEMATIN HEMATINES
r HEM HEMES
r HERB HERBED
r HERD HERDER
r HEROIN HEROINES
r HER HERS
r HER HERES
r HEXAD HEXADES
r HIGH HIGHLY
r HILA HILAR
r HIND HINDER
r HIP HIPLY
r HIPPIE HIPPIER
r HIRE HIREES
r HIS HISS
r HI HIS
r HI HIED
r HI HIES
r HOS HOSER
r HOS HOSED
r HOS HOSES
r HOS HOSING
r HO HOLY
r HOARS HOARSER
r HOGG HOGGER
r HOGG HOGGED
r HOGG HOGGING
r HOMAGE HOMAGER
r HOME HOMER
r HOME HOMELY
r HOMIE HOMIER
r HOMINES HOMINESS
r HON HONER
r HON HONED
r HON HONES
r HON HONING
r HONOUR HONOURER
r HOODIE HOODIER
r HOOF HOOFER
r HOOK HOOKER
r HOPING HOPINGLY
r HOP HOPER
r HOP HOPED
r HOP HOPES
r HOP HOPING
r HORST HORSTES
r HOSE HOSER
r HOST HOSTLY
r HOSTEL HOSTELER
r HOT HOTLY
r HOUR HOURLY
r HOUSE HOUSER
r HOVER HOVERER
r HOVE HOVER
r HOW HOWES
r HUG HUGER
r HUMAN HUMANER
r HUMAN HUMANLY
r HUMID HUMIDLY
r HUNG HUNGER
r HUNK HUNKER
r HURTLES HURTLESS
r HYALIN HYALINES
r HYDRAS HYDRASES
r HYDRID HYDRIDES
r HYP HYPER
r HYP HYPED
r HYP HYPES
r HYP HYPING
r ICK ICKER
r ID IDES
r ID IDLY
r IDEAL IDEALLY
r IMBALM IMBALMER
r IMID IMIDES
r IMP IMPLY
r IMPING IMPINGER
r IMPING IMPINGED
r IMPING IMPINGES
r IMPING IMPINGING
r IMPED IMPEDER
r IMPED IMPEDED
r IMPED IMPEDES
r IMPED IMPEDING
r IMPOST IMPOSTER
r IMPROV IMPROVER
r IMPROV IMPROVED
r IMPROV IMPROVES
r IMPROV IMPROVING
r INCENT INCENTER
r INCH INCHER
r INCOME INCOMER
r INCUS INCUSED
r INCUS INCUSES
r INCUS INCUSING
r INDAMIN INDAMINES
r INDIGEN INDIGENES
r INDOL INDOLES
r INDOOR INDOORS
r INDORSE INDORSER
r INDORSE INDORSEES
r INDULIN INDULINES
r INERT INERTLY
r INFANT INFANTES
r INFIRM INFIRMLY
r INHAUL INHAULER
r INKLES INKLESS
r INLAND INLANDER
r INLY INLYING
r IN INLY
r INN INNER
r INNER INNERLY
r INSIDE INSIDER
r INSNARE INSNARER
r INTENT INTENTLY
r INTERN INTERNES
r INTERNE INTERNEES
r INVENT INVENTER
r INVITE INVITEES
r INWARD INWARDS
r INWARD INWARDLY
r IODID IODIDES
r IODIN IODINES
r IRENIC IRENICS
r IRID IRIDES
r IRON IRONER
r IRON IRONES
r IRONE IRONER
r ISATIN ISATINES
r ISLAND ISLANDER
r ISOBAR ISOBARES
r ISOCHOR ISOCHORES
r ISOGON ISOGONES
r IT ITS
r JAG JAGER
r JAIL JAILER
r JAKE JAKES
r JAMB JAMBES
r JAPING JAPINGLY
r JASMIN JASMINES
r JEE JEER
r JET JETES
r JEWEL JEWELER
r JIB JIBER
r JIB JIBED
r JIB JIBES
r JIB JIBING
r JIBB JIBBER
r JOIN JOINER
r JOINT JOINTLY
r JOKING JOKINGLY
r JOW JOWLY
r JUBILE JUBILEES
r JUGULA JUGULAR
r JUICE JUICER
r JUNK JUNKER
r JUNKIE JUNKIER
r JUST JUSTLY
r JUT JUTES
r KAINIT KAINITES
r KAOLIN KAOLINES
r KARAT KARATES
r KART KARTING
r KA KAES
r KAURI KAURIES
r KAVAS KAVASS
r KAYAK KAYAKER
r KEEN KEENLY
r KELT KELTER
r KENT KENTES
r KERMES KERMESS
r KERN KERNES
r KERNEL KERNELLY
r KILLDEE KILLDEER
r KILT KILTER
r KINAS KINASES
r KIND KINDLY
r KINDLES KINDLESS
r KINES KINESES
r KINESIC KINESICS
r KINETIC KINETICS
r KINFOLK KINFOLKS
r KING KINGLY
r KIN KINES
r KI KIR
r KI KIER
r KIS KISS
r KIT KITER
r KIT KITED
r KIT KITES
r KIT KITING
r KNACK KNACKER
r KNIGHT KNIGHTLY
r KNUCKLE KNUCKLER
r KNUR KNURLY
r KOS KOSS
r KOUMIS KOUMISS
r KOUMYS KOUMYSS
r KVAS KVASS
r LABIAL LABIALLY
r LABOUR LABOURER
r LACK LACKER
r LAC LACER
r LAC LACED
r LAC LACES
r LAC LACING
r LACUNA LACUNAR
r LAD LADER
r LAD LADED
r LAD LADES
r LAD LADING
r LADRON LADRONES
r LAG LAGER
r LAY LAYER
r LAKE LAKER
r LAMB LAMBER
r LAMBIE LAMBIER
r LAME LAMELY
r LAM LAMER
r LAM LAMED
r LAM LAMES
r LAM LAMING
r LANCE LANCER
r LANE LANELY
r LANOLIN LANOLINES
r LAPS LAPSER
r LAPS LAPSED
r LAPS LAPSES
r LAPS LAPSING
r LARD LARDER
r LARGES LARGESS
r LASE LASER
r LA LAR
r LAS LASS
r LAS LASER
r LAS LASED
r LAS LASES
r LAS LASING
r LASSI LASSIES
r LAST LASTLY
r LATE LATELY
r LATEEN LATEENER
r LATENT LATENTLY
r LATH LATHER
r LATHE LATHER
r LATHI LATHIER
r LAT LATER
r LAT LATED
r LATTE LATTER
r LATTER LATTERLY
r LAUNCH LAUNCHER
r LAVE LAVER
r LAVE LAVEER
r LAV LAVER
r LAV LAVED
r LAV LAVES
r LAV LAVING
r LAWYER LAWYERLY
r LAX LAXLY
r LEAGUE LEAGUER
r LEA LEAR
r LEAS LEASER
r LEAS LEASED
r LEAS LEASES
r LEAS LEASING
r LECH LECHER
r LECYTHI LECYTHIS
r LEDGE LEDGER
r LEE LEER
r LEGAL LEGALLY
r LEGATE LEGATEES
r LEGATO LEGATOR
r LEX LEXES
r LEG LEGER
r LEG LEGES
r LEMUR LEMURES
r LETHAL LETHALLY
r LEUCIN LEUCINES
r LEV LEVER
r LEVANT LEVANTER
r LEVEL LEVELLY
r LI LIER
r LI LIED
r LI LIES
r LI LILY
r LIB LIBER
r LICENCE LICENCER
r LICENCE LICENCEES
r LICENSE LICENSEES
r LICHT LICHTLY
r LIFE LIFER
r LIVING LIVINGLY
r LIVE LIVELY
r LIGHT LIGHTLY
r LIT LITER
r LIGROIN LIGROINES
r LIKE LIKELY
r LIMB LIMBER
r LIMBI LIMBIER
r LIMIT LIMITES
r LIMP LIMPLY
r LINE LINER
r LING LINGER
r LIN LINER
r LIN LINED
r LIN LINES
r LIN LINING
r LINT LINTER
r LIPID LIPIDES
r LIQUID LIQUIDLY
r LIST LISTER
r LITE LITER
r LOATH LOATHER
r LOATH LOATHED
r LOATH LOATHES
r LOATH LOATHING
r LOATH LOATHLY
r LOB LOBED
r LOB LOBES
r LOBBY LOBBYER
r LOCAL LOCALES
r LOCAL LOCALLY
r LOCK LOCKER
r LODGE LODGER
r LOFT LOFTER
r LOG LOGES
r LOGGIE LOGGIER
r LONE LONER
r LONE LONELY
r LONG LONGLY
r LOOS LOOSER
r LOOS LOOSED
r LOOS LOOSES
r LOOS LOOSING
r LOP LOPER
r LOP LOPED
r LOP LOPES
r LOP LOPING
r LORD LORDLY
r LOSING LOSINGLY
r LOTTE LOTTER
r LOUD LOUDLY
r LOUP LOUPES
r LOVING LOVINGLY
r LOVE LOVELY
r LOW LOWLY
r LOWLIFE LOWLIFER
r LOYAL LOYALLY
r LUCERN LUCERNES
r LUCKIE LUCKIER
r LUG LUGER
r LUG LUGED
r LUG LUGES
r LUG LUGING
r LUMBER LUMBERLY
r LUMP LUMPER
r LUNA LUNAR
r LUNGE LUNGEES
r LUNG LUNGER
r LUNG LUNGED
r LUNG LUNGES
r LUNG LUNGING
r LUNK LUNKER
r LUPIN LUPINES
r LURCH LURCHER
r LURDAN LURDANES
r LURING LURINGLY
r LUST LUSTER
r LYING LYINGLY
r LYSIN LYSINES
r MACE MACER
r MAC MACER
r MAC MACED
r MAC MACES
r MAC MACING
r MADAM MADAMES
r MAD MADLY
r MAG MAGES
r MAIL MAILES
r MAILE MAILER
r MAIN MAINLY
r MAJOR MAJORLY
r MALIC MALICES
r MALIGN MALIGNLY
r MAS MASS
r MAS MASER
r MA MAR
r MA MAES
r MANGE MANGER
r MANS MANSES
r MAN MANED
r MAN MANES
r MAN MANLY
r MANNER MANNERLY
r MANO MANOR
r MANUAL MANUALLY
r MANWARD MANWARDS
r MARINE MARINER
r MARKED MARKEDLY
r MARLIN MARLINES
r MARQUE MARQUEES
r MARQUES MARQUESS
r MARS MARSES
r MAR MARES
r MAR MARLY
r MARTYR MARTYRLY
r MASK MASKER
r MASQUE MASQUER
r MASSED MASSEDLY
r MAST MASTER
r MASTER MASTERLY
r MATE MATER
r MATELOT MATELOTES
r MAT MATER
r MAT MATED
r MAT MATES
r MAT MATING
r MATT MATTER
r MATTE MATTER
r MATTED MATTEDLY
r MAUND MAUNDER
r MAYO MAYOR
r MAZE MAZER
r MEALIE MEALIER
r MEAN MEANLY
r MEDIAL MEDIALLY
r MEDIAN MEDIANLY
r MEET MEETLY
r MET METER
r MET METED
r MET METES
r MET METING
r MEGAPOD MEGAPODES
r MELD MELDER
r MEM MEMES
r MENFOLK MENFOLKS
r MENIAL MENIALLY
r MERC MERCER
r MERGE MERGER
r MERGE MERGEES
r MERL MERLES
r MESQUIT MESQUITES
r METAMER METAMERES
r METE METER
r ME MEED
r MEZQUIT MEZQUITES
r MICELLA MICELLAR
r MICELL MICELLES
r MIDDLE MIDDLER
r MIDLIFE MIDLIFER
r MIDSHIP MIDSHIPS
r MILADI MILADIES
r MILD MILDLY
r MILE MILER
r MILL MILLES
r MILLE MILLER
r MILLINE MILLINER
r MIL MILER
r MIL MILES
r MILT MILTER
r MIM MIMER
r MIM MIMED
r MIM MIMES
r MIM MIMING
r MINK MINKES
r MIRI MIRIER
r MIR MIRED
r MIR MIRES
r MIR MIRING
r MISE MISER
r MISER MISERLY
r MI MIR
r MIS MISS
r MIS MISER
r MIS MISES
r MIST MISTER
r MITE MITER
r MOS MOSS
r MO MOR
r MO MOLY
r MODAL MODALLY
r MODERNE MODERNER
r MODERN MODERNES
r MOD MODES
r MOGUL MOGULED
r MOIST MOISTLY
r MOLA MOLAR
r MOLD MOLDER
r MOL MOLES
r MOL MOLLY
r MOMENT MOMENTLY
r MOM MOMES
r MOMS MOMSER
r MONAD MONADES
r MONEY MONEYER
r MONEY MONEYED
r MONGO MONGOES
r MONIE MONIES
r MON MONS
r MONOPOD MONOPODES
r MONTH MONTHLY
r MOO MOOR
r MOPING MOPINGLY
r MOP MOPER
r MOP MOPED
r MOP MOPES
r MOP MOPING
r MORAS MORASS
r MORAL MORALS
r MORAL MORALES
r MORAL MORALLY
r MORE MORES
r MOST MOSTLY
r MOR MORES
r MORN MORNING
r MORPHIN MORPHINES
r MORTAL MORTALLY
r MOSS MOSSER
r MOTHER MOTHERLY
r MOTH MOTHER
r MOT MOTES
r MOTT MOTTES
r MOULD MOULDER
r MOULT MOULTER
r MOUSE MOUSER
r MOUTH MOUTHER
r MOVING MOVINGLY
r MUS MUSS
r MUS MUSER
r MUS MUSED
r MUS MUSES
r MUS MUSING
r MUCH MUCHLY
r MUCK MUCKER
r MUFFLE MUFFLER
r MUGG MUGGER
r MULL MULLER
r MURR MURRES
r MUSING MUSINGLY
r MUSICAL MUSICALES
r MUSKIE MUSKIER
r MUST MUSTER
r MUTINE MUTINEER
r MUT MUTER
r MUT MUTED
r MUT MUTES
r MUT MUTING
r MUTT MUTTER
r MUTUAL MUTUALLY
r MYELIN MYELINES
r MYSTIC MYSTICLY
r NAB NABES
r NAME NAMELY
r NAM NAMER
r NAM NAMED
r NAM NAMES
r NAM NAMING
r NAP NAPES
r NAPPE NAPPER
r NAPPIE NAPPIER
r NARCEIN NARCEINES
r NARCOS NARCOSES
r NARCOSE NARCOSES
r NARRATE NARRATER
r NARWHAL NARWHALES
r NASAL NASALLY
r NATIVE NATIVELY
r NAYSAY NAYSAYER
r NEAR NEARLY
r NEAT NEATLY
r NE NEED
r NEEDLES NEEDLESS
r NEGLIGE NEGLIGEES
r NEREID NEREIDES
r NETT NETTLY
r NEUM NEUMES
r NEURON NEURONES
r NEVE NEVER
r NEW NEWLY
r NICK NICKER
r NICOTIN NICOTINES
r NIGHT NIGHTLY
r NINTH NINTHLY
r NITE NITER
r NIT NITER
r NIT NITES
r NITRID NITRIDED
r NITRID NITRIDES
r NITRID NITRIDING
r NITRIL NITRILES
r NOS NOSED
r NOS NOSES
r NOS NOSING
r NO NOR
r NOB NOBLY
r NOCTURN NOCTURNES
r NOD NODES
r NOGG NOGGED
r NOGG NOGGING
r NOM NOMES
r NONUSE NONUSER
r NOON NOONING
r NORMAL NORMALLY
r NORM NORMED
r NORTH NORTHER
r NORTH NORTHING
r NOT NOTER
r NOT NOTED
r NOT NOTES
r NOT NOTING
r NOTED NOTEDLY
r NOVEL NOVELLY
r NOWAY NOWAYS
r NUMB NUMBLY
r NURSE NURSER
r OAT OATER
r OBLATE OBLATELY
r OBLIGE OBLIGEES
r OBOL OBOLES
r OBTECT OBTECTED
r OCCULT OCCULTLY
r OCTAN OCTANES
r OCTOPOD OCTOPODES
r OCULAR OCULARLY
r OD ODES
r ODYL ODYLES
r OFF OFFER
r OFFICE OFFICER
r OGRES OGRESS
r OI OILY
r OLEFIN OLEFINES
r OLEIN OLEINES
r OM OMER
r ON ONES
r ON ONLY
r ONWARD ONWARDS
r OP OPED
r OP OPES
r OP OPING
r ORAL ORALLY
r ORANG ORANGES
r ORDER ORDERLY
r ORIENT ORIENTER
r ORPIN ORPINES
r OR ORES
r OS OSES
r OSCULA OSCULAR
r OSMIC OSMICS
r OSMOL OSMOLES
r OUR OURS
r OUST OUSTER
r OUTCAST OUTCASTES
r OUTDOOR OUTDOORS
r OUTS OUTSING
r OUT OUTER
r OUTLIE OUTLIER
r OUTRANG OUTRANGED
r OUTRANG OUTRANGES
r OUTRANG OUTRANGING
r OUTRIDE OUTRIDER
r OUTSIDE OUTSIDER
r OUTWARD OUTWARDS
r OVAL OVALLY
r OVER OVERLY
r OVERLY OVERLYING
r OVERSEA OVERSEAS
r OW OWED
r OW OWES
r OW OWING
r OXIDISE OXIDISER
r OXIDIZE OXIDIZER
r OXID OXIDES
r OXIM OXIMES
r OXYPHIL OXYPHILES
r OYSTER OYSTERER
r OY OYER
r OY OYES
r OZONIZE OZONIZER
r PAS PASS
r PAS PASES
r PA PAR
r PA PALY
r PACE PACER
r PACK PACKLY
r PAC PACER
r PAC PACED
r PAC PACES
r PAC PACING
r PAGE PAGER
r PAJAMA PAJAMAED
r PALAZZO PALAZZOS
r PALE PALELY
r PAL PALER
r PAL PALED
r PAL PALES
r PAL PALING
r PAL PALLY
r PALM PALMER
r PANGEN PANGENES
r PAN PANED
r PAN PANES
r PANNE PANNER
r PAPPI PAPPIER
r PAPPI PAPPIES
r PAP PAPER
r PAPULA PAPULAR
r PARES PARESES
r PAROLE PAROLEES
r PAROL PAROLED
r PAROL PAROLES
r PAROL PAROLING
r PARS PARSER
r PARS PARSED
r PARS PARSES
r PARS PARSING
r PAR PARR
r PAR PARER
r PAR PARED
r PAR PARES
r PAR PARING
r PARR PARRED
r PARR PARRING
r PART PARTLY
r PARVENU PARVENUES
r PASSE PASSES
r PASSE PASSER
r PAST PASTER
r PAST PASTED
r PAST PASTES
r PAST PASTING
r PASTOR PASTORLY
r PATE PATER
r PATENT PATENTLY
r PATIN PATINED
r PATIN PATINES
r PATIN PATINING
r PAT PATER
r PAT PATED
r PAT PATES
r PAT PATLY
r PAVAN PAVANES
r PAVE PAVEED
r PAVISE PAVISER
r PAVIS PAVISER
r PAYABLE PAYABLES
r PEAG PEAGES
r PE PER
r PE PEER
r PE PEES
r PEA PEAR
r PEAS PEASES
r PEARL PEARLER
r PEAR PEARLY
r PECTIN PECTINES
r PECULIA PECULIAR
r PED PEDES
r PEE PEER
r PELT PELTER
r PENAL PENALLY
r PEN PENES
r PENNE PENNER
r PENNI PENNIES
r PENSION PENSIONES
r PEPSIN PEPSINES
r PEPTID PEPTIDES
r PERDU PERDUES
r PERJURE PERJURER
r PEROXID PEROXIDED
r PEROXID PEROXIDES
r PEROXID PEROXIDING
r PER PERES
r PEST PESTER
r PETIT PETITES
r PETNAP PETNAPER
r PET PETER
r PETTED PETTEDLY
r PETTI PETTIER
r PETTI PETTILY
r PEWTER PEWTERER
r PHONIC PHONICS
r PHON PHONED
r PHON PHONES
r PHON PHONING
r PHOTIC PHOTICS
r PHYLA PHYLAR
r PIAFFE PIAFFER
r PICKET PICKETER
r PICOLIN PICOLINES
r PI PIER
r PI PILY
r PIE PIER
r PIKE PIKER
r PIMP PIMPLY
r PING PINGER
r PINK PINKLY
r PINKEY PINKEYES
r PIN PINED
r PIN PINES
r PIN PINING
r PIPE PIPER
r PIPING PIPINGLY
r PIP PIPER
r PIP PIPED
r PIP PIPES
r PIP PIPING
r PISH PISHER
r PISTOL PISTOLES
r PITCH PITCHER
r PLAN PLANER
r PLAN PLANED
r PLAN PLANES
r PLAN PLANING
r PLATAN PLATANES
r PLAT PLATER
r PLAT PLATED
r PLAT PLATES
r PLAT PLATING
r PLEAS PLEASER
r PLEAS PLEASED
r PLEAS PLEASES
r PLEAS PLEASING
r PLEB PLEBES
r PLEDGE PLEDGEES
r PLY PLYER
r PLIMSOL PLIMSOLES
r PLUMB PLUMBER
r PLUM PLUMED
r PLUM PLUMES
r PLUM PLUMING
r PLUMP PLUMPLY
r PLURAL PLURALLY
r POETIC POETICS
r POETISE POETISER
r POIS POISER
r POIS POISED
r POIS POISES
r POIS POISING
r POINT POINTES
r POINTE POINTER
r POLITIC POLITICS
r POL POLER
r POL POLED
r POL POLES
r POL POLING
r POLYP POLYPED
r POND PONDER
r PONTIFIC PONTIFICES
r POO POOR
r POOR POORLY
r POP POPES
r PORK PORKER
r PORT PORTER
r PORT PORTLY
r POSING POSINGLY
r POSSES POSSESS
r POSTAL POSTALLY
r POST POSTER
r POUFF POUFFES
r POULARD POULARDES
r POULT POULTER
r POW POWER
r PRACTIC PRACTICED
r PRACTIC PRACTICES
r PRACTIC PRACTICING
r PRAT PRATER
r PRAT PRATED
r PRAT PRATES
r PRAT PRATING
r PRAY PRAYER
r PRECISE PRECISES
r PRECIS PRECISER
r PREMIE PREMIER
r PREMIER PREMIERED
r PREMIER PREMIERES
r PREMIER PREMIERING
r PREPPIE PREPPIER
r PREST PRESTER
r PRICK PRICKLY
r PRY PRYER
r PRIEST PRIESTLY
r PRIME PRIMER
r PRIME PRIMELY
r PRIM PRIMER
r PRIM PRIMED
r PRIM PRIMES
r PRIM PRIMING
r PRIM PRIMLY
r PRINCE PRINCELY
r PRINCES PRINCESS
r PRIOR PRIORLY
r PRISON PRISONER
r PRIZE PRIZER
r PROLONG PROLONGES
r PROMISE PROMISER
r PROMISE PROMISEES
r PROMPT PROMPTLY
r PROS PROSS
r PROS PROSER
r PROS PROSED
r PROS PROSES
r PROS PROSING
r PROP PROPER
r PROSE PROSER
r PROTEAS PROTEASES
r PROTEGE PROTEGEES
r PROTEID PROTEIDES
r PROTYL PROTYLES
r PROVEN PROVENLY
r PTOMAIN PTOMAINES
r PUBLIC PUBLICLY
r PUB PUBES
r PUCK PUCKER
r PUDDLE PUDDLER
r PULING PULINGLY
r PUL PULER
r PUL PULED
r PUL PULES
r PUL PULING
r PULS PULSER
r PULS PULSED
r PULS PULSES
r PULS PULSING
r PULSE PULSER
r PUNKIE PUNKIER
r PURE PUREED
r PURE PUREES
r PURE PURELY
r PURIN PURINES
r PURLIN PURLINES
r PURS PURSER
r PURS PURSED
r PURS PURSES
r PURS PURSING
r PUR PURER
r PURSE PURSER
r PUS PUSS
r PUSS PUSSLY
r PUTT PUTTER
r PUTTI PUTTIER
r PUTTI PUTTIED
r PUTTI PUTTIES
r PUZZLE PUZZLER
r PYRROL PYRROLES
r QUADRANT QUADRANTES
r QUADRAT QUADRATED
r QUADRAT QUADRATES
r QUADRAT QUADRATING
r QUARTE QUARTER
r QUART QUARTER
r QUART QUARTES
r QUEEN QUEENLY
r QUEER QUEERLY
r QUICK QUICKLY
r QUIET QUIETLY
r QUININ QUININES
r QUINTA QUINTAR
r QUINT QUINTES
r RABBLE RABBLER
r RADIAL RADIALLY
r RAFT RAFTER
r RAFTER RAFTERED
r RAGE RAGEES
r RAGING RAGINGLY
r RAG RAGED
r RAG RAGES
r RAG RAGING
r RAGG RAGGED
r RAGG RAGGING
r RAIS RAISER
r RAIS RAISED
r RAIS RAISES
r RAIS RAISING
r RAKE RAKEES
r RALLY RALLYES
r RAMI RAMIES
r RANCH RANCHER
r RANDOM RANDOMLY
r RANGE RANGER
r RANG RANGER
r RANG RANGED
r RANG RANGES
r RANG RANGING
r RANK RANKLY
r RANKLES RANKLESS
r RAPE RAPER
r RAP RAPER
r RAP RAPED
r RAP RAPES
r RAP RAPING
r RARE RARELY
r RASCAL RASCALLY
r RASH RASHLY
r RATABLE RATABLES
r RATHE RATHER
r RATH RATHER
r RATLIN RATLINES
r RATOON RATOONER
r RAT RATER
r RAT RATED
r RAT RATES
r RAT RATING
r RAVING RAVINGLY
r RAVEL RAVELLY
r RAVIN RAVINES
r RAW RAWLY
r RAZE RAZEED
r RAZE RAZEES
r READER READERLY
r REAL REALLY
r REAM REAMER
r RECIT RECITER
r RECIT RECITED
r RECIT RECITES
r RECIT RECITING
r RECTO RECTOR
r RED REDED
r RED REDES
r RED REDING
r RED REDLY
r REF REFER
r REFLEX REFLEXLY
r REFUGE REFUGEES
r REGAL REGALER
r REGAL REGALED
r REGAL REGALES
r REGAL REGALING
r REGAL REGALLY
r REG REGES
r REND RENDER
r RENT RENTES
r RENTE RENTER
r REPOS REPOSER
r REPOS REPOSED
r REPOS REPOSES
r REPOS REPOSING
r REP REPLY
r REPP REPPED
r REPP REPPING
r RESIDE RESIDER
r RESID RESIDER
r RESID RESIDED
r RESID RESIDES
r RESID RESIDING
r RE REED
r RE REES
r RE RELY
r RETIRE RETIREES
r REVENUE REVENUER
r REVERS REVERSER
r REVERS REVERSED
r REVERS REVERSES
r REVERS REVERSING
r REVOLVE REVOLVER
r RHABDOM RHABDOMES
r RIBALD RIBALDLY
r RIB RIBES
r RICE RICER
r RICH RICHES
r RICH RICHLY
r RID RIDER
r RID RIDES
r RID RIDING
r RIF RIFER
r RIFFLE RIFFLER
r RIGHT RIGHTLY
r RIGID RIGIDLY
r RILL RILLES
r RIM RIMER
r RIM RIMED
r RIM RIMES
r RIM RIMING
r RINS RINSER
r RINS RINSED
r RINS RINSES
r RINS RINSING
r RIP RIPER
r RIP RIPED
r RIP RIPES
r RIP RIPING
r RIPPLE RIPPLER
r RISIBLE RISIBLES
r RITUAL RITUALLY
r RIVE RIVER
r ROB ROBED
r ROB ROBES
r ROB ROBING
r ROBOTIC ROBOTICS
r ROCKABY ROCKABYES
r ROCK ROCKER
r ROCKET ROCKETER
r ROD RODES
r ROLL ROLLER
r ROOF ROOFER
r ROOKIE ROOKIER
r ROOM ROOMER
r ROOMIE ROOMIER
r ROOST ROOSTER
r ROOT ROOTER
r ROOTLES ROOTLESS
r ROTO ROTOR
r ROT ROTES
r ROTTE ROTTER
r ROUGH ROUGHLY
r ROUND ROUNDLY
r ROUST ROUSTER
r ROUT ROUTER
r ROUTE ROUTER
r ROVING ROVINGLY
r ROYAL ROYALLY
r RUB RUBES
r RUDD RUDDER
r RUFF RUFFES
r RUFF RUFFLY
r RUMPLES RUMPLESS
r RUMP RUMPLY
r RUN RUNES
r RURAL RURALLY
r RUSTIC RUSTICLY
r RUSTLES RUSTLESS
r SAB SABER
r SAB SABED
r SAB SABES
r SABE SABER
r SABIN SABINES
r SAD SADES
r SAD SADLY
r SADDLE SADDLER
r SAFROL SAFROLES
r SAG SAGER
r SAG SAGES
r SAY SAYED
r SAIL SAILER
r SAINT SAINTLY
r SAKE SAKER
r SALICIN SALICINES
r SAL SALES
r SAL SALLY
r SALTIE SALTIER
r SALVAGE SALVAGEES
r SALVE SALVER
r SALVO SALVOR
r SAMBA SAMBAR
r SANDBUR SANDBURR
r SANGA SANGAR
r SANG SANGER
r SAPONIN SAPONINES
r SAROD SARODES
r SAT SATED
r SAT SATES
r SAT SATING
r SAUCE SAUCER
r SAUTOIR SAUTOIRES
r SAVING SAVINGLY
r SAVIN SAVINES
r SAVOUR SAVOURER
r SCALAR SCALARES
r SCAMP SCAMPER
r SCANT SCANTLY
r SCAPULA SCAPULAR
r SCARCE SCARCELY
r SCARF SCARFER
r SCARP SCARPER
r SCAR SCARER
r SCAR SCARED
r SCAR SCARES
r SCAR SCARING
r SCATT SCATTER
r SCATT SCATTED
r SCATT SCATTING
r SCAUP SCAUPER
r SCOOT SCOOTER
r SCOP SCOPED
r SCOP SCOPES
r SCOP SCOPING
r SCOT SCOTER
r SCOUTH SCOUTHER
r SCRAP SCRAPER
r SCRAP SCRAPED
r SCRAP SCRAPES
r SCRAP SCRAPING
r SCRIBE SCRIBER
r SCULK SCULKER
r SCUT SCUTES
r SEA SEAR
r SECANT SECANTLY
r SECOND SECONDES
r SECOND SECONDLY
r SECONDE SECONDER
r SECRETE SECRETER
r SECRET SECRETED
r SECRET SECRETES
r SECRET SECRETING
r SECRET SECRETLY
r SEE SEER
r SEE SEELY
r SEEM SEEMLY
r SEIS SEISER
r SEIS SEISED
r SEIS SEISES
r SEIS SEISING
r SEISE SEISER
r SELECT SELECTLY
r SELL SELLES
r SELLE SELLER
r SEMINA SEMINAR
r SENILE SENILELY
r SERGE SERGER
r SERIAL SERIALLY
r SERIN SERINES
r SER SERER
r SER SERED
r SER SERES
r SER SERING
r SETT SETTER
r SETT SETTING
r SEVER SEVERER
r SEW SEWER
r SHAD SHADER
r SHAD SHADED
r SHAD SHADES
r SHAD SHADING
r SHA SHALY
r SHOULD SHOULDER
r SHAM SHAMED
r SHAM SHAMES
r SHAM SHAMING
r SHANTI SHANTIES
r SHAPE SHAPELY
r SHARP SHARPLY
r SHEAL SHEALING
r SHEA SHEAR
r SHE SHEER
r SHY SHYLY
r SHIEL SHIELING
r SHIN SHINER
r SHIN SHINED
r SHIN SHINES
r SHIN SHINING
r SHIRT SHIRTING
r SHIVE SHIVER
r SHIV SHIVER
r SHIV SHIVES
r SHOT SHOTES
r SHOPPE SHOPPER
r SHORT SHORTLY
r SHOTT SHOTTED
r SHOTT SHOTTING
r SHOW SHOWER
r SHRIMP SHRIMPER
r SH SHED
r SH SHES
r SHUT SHUTED
r SHUT SHUTES
r SHUT SHUTING
r SIC SICES
r SICKER SICKERLY
r SICK SICKLY
r SIDEWAY SIDEWAYS
r SIGHT SIGHTLY
r SIGNAL SIGNALLY
r SIGNIORI SIGNIORIES
r SIGNORI SIGNORIES
r SIKE SIKER
r SILENT SILENTS
r SILICON SILICONES
r SILL SILLER
r SILVER SILVERLY
r SIMA SIMAR
r SIMP SIMPER
r SIMP SIMPLY
r SING SINGED
r SING SINGES
r SING SINGLY
r SINGE SINGER
r SIN SINES
r SIP SIPED
r SIP SIPES
r SIP SIPING
r SIRE SIREES
r SIR SIRED
r SIR SIRES
r SIR SIRING
r SI SIR
r SISTER SISTERLY
r SIT SITED
r SIT SITES
r SIT SITING
r SIXTH SIXTHLY
r SIZE SIZER
r SIZZLE SIZZLER
r SKAT SKATER
r SKAT SKATED
r SKAT SKATES
r SKAT SKATING
r SKATOL SKATOLES
r SKEAN SKEANES
r SKEET SKEETER
r SKEW SKEWER
r SKILL SKILLING
r SKIT SKITED
r SKIT SKITES
r SKIT SKITING
r SKYWARD SKYWARDS
r SLACK SLACKLY
r SLANT SLANTLY
r SLAT SLATER
r SLAT SLATED
r SLAT SLATES
r SLAT SLATING
r SLAVE SLAVER
r SLEEK SLEEKLY
r SLICK SLICKLY
r SLIM SLIMED
r SLIM SLIMES
r SLIM SLIMING
r SLIM SLIMLY
r SLIP SLIPED
r SLIP SLIPES
r SLIP SLIPING
r SLOP SLOPER
r SLOP SLOPED
r SLOP SLOPES
r SLOP SLOPING
r SLOVEN SLOVENLY
r SLOW SLOWLY
r SMARAGD SMARAGDES
r SMART SMARTLY
r SMOOTH SMOOTHLY
r SMUG SMUGLY
r SNICK SNICKER
r SNIFF SNIFFLY
r SNIP SNIPER
r SNIP SNIPED
r SNIP SNIPES
r SNIP SNIPING
r SNOOK SNOOKER
r SNUFF SNUFFLY
r SNUG SNUGLY
r SOAP SOAPER
r SOB SOBER
r SOBER SOBERLY
r SOCAGE SOCAGER
r SOCIAL SOCIALLY
r SODDEN SODDENLY
r SOFA SOFAR
r SOFT SOFTLY
r SOLA SOLAR
r SOLAND SOLANDER
r SOLANIN SOLANINES
r SOLDI SOLDIER
r SOLD SOLDER
r SOLE SOLELY
r SOLID SOLIDLY
r SOL SOLED
r SOL SOLES
r SOL SOLING
r SOMEWAY SOMEWAYS
r SONDE SONDER
r SONIC SONICS
r SON SONES
r SON SONLY
r SOOTH SOOTHLY
r SORE SORELY
r SOU SOUR
r SOUS SOUSED
r SOUS SOUSES
r SOUS SOUSING
r SOUND SOUNDLY
r SOUR SOURLY
r SOUTH SOUTHER
r SOVRAN SOVRANLY
r SOZIN SOZINES
r SPA SPAR
r SPA SPAED
r SPA SPAES
r SPANG SPANGLY
r SPARK SPARKER
r SPARK SPARKLY
r SPARKLE SPARKLER
r SPARS SPARSER
r SPAR SPARER
r SPAR SPARED
r SPAR SPARES
r SPAR SPARING
r SPAT SPATES
r SPELT SPELTER
r SPENCE SPENCER
r SPHERIC SPHERICS
r SPINAL SPINALLY
r SPIN SPINED
r SPIN SPINES
r SPIRAL SPIRALLY
r SPIREM SPIREMES
r SPIT SPITED
r SPIT SPITES
r SPIT SPITING
r SPLINT SPLINTER
r SPRING SPRINGED
r SPRING SPRINGES
r SPRINGE SPRINGER
r SPRIT SPRITES
r SPRITZ SPRITZER
r SPUNKIE SPUNKIER
r SQUARE SQUARELY
r STAB STABLY
r STAFF STAFFER
r STAGE STAGER
r STAG STAGER
r STAG STAGED
r STAG STAGES
r STAG STAGING
r STAGGIE STAGGIER
r STAMPED STAMPEDED
r STAMPED STAMPEDES
r STAMPED STAMPEDING
r STANCH STANCHLY
r STAPLE STAPLER
r STARKER STARKERS
r STAR STARER
r STAR STARED
r STAR STARES
r STAR STARING
r STATE STATELY
r STATED STATEDLY
r STATIC STATICES
r STAT STATER
r STAT STATED
r STAT STATES
r STAT STATING
r STOVE STOVER
r STEAM STEAMER
r STEARIN STEARINES
r STEELIE STEELIER
r STEEP STEEPLY
r STELLA STELLAR
r STENOS STENOSED
r STENOS STENOSES
r STEPPE STEPPER
r STERN STERNLY
r STICK STICKER
r STY STYES
r STIFF STIFFLY
r STOCK STOCKER
r STOP STOPER
r STOP STOPED
r STOP STOPES
r STOP STOPING
r STOUR STOURES
r STOUT STOUTLY
r STRAIN STRAINER
r STRAND STRANDER
r STRANG STRANGER
r STRANG STRANGES
r STREAM STREAMER
r STRIPE STRIPER
r STRIP STRIPER
r STRIP STRIPED
r STRIP STRIPES
r STRIP STRIPING
r STROBIL STROBILES
r STUD STUDLY
r STUMP STUMPER
r SUB SUBER
r SUCK SUCKER
r SUCKLES SUCKLESS
r SUED SUEDED
r SUED SUEDES
r SUED SUEDING
r SUGAR SUGARER
r SUIT SUITER
r SUIT SUITES
r SUITE SUITER
r SULFID SULFIDES
r SULPHID SULPHIDES
r SUMMER SUMMERLY
r SUNN SUNNED
r SUNN SUNNING
r SUNWARD SUNWARDS
r SUPE SUPER
r SUPINE SUPINELY
r SUP SUPER
r SUP SUPES
r SURE SURELY
r SURVIVE SURVIVER
r SWAG SWAGER
r SWAG SWAGED
r SWAG SWAGES
r SWAG SWAGING
r SWAMI SWAMIES
r SWAMP SWAMPER
r SWING SWINGED
r SWING SWINGES
r SWEAT SWEATER
r SWEET SWEETING
r SWEET SWEETLY
r SWIFT SWIFTLY
r SWINGE SWINGER
r SWITH SWITHER
r SWITH SWITHLY
r SWITHE SWITHER
r SYCE SYCEES
r SYLVIN SYLVINES
r SYMBIOT SYMBIOTES
r SYNONYM SYNONYMES
r SYPH SYPHER
r TAS TASS
r TA TAR
r TAB TABER
r TAB TABES
r TABORIN TABORINES
r TABOUR TABOURER
r TACHISM TACHISMES
r TACHIST TACHISTES
r TACKLES TACKLESS
r TAIL TAILER
r TAILLES TAILLESS
r TAKING TAKINGLY
r TALA TALAR
r TALE TALER
r TALKIE TALKIER
r TAMAL TAMALES
r TAME TAMELY
r TAM TAMER
r TAM TAMED
r TAM TAMES
r TAM TAMING
r TAMP TAMPER
r TANG TANGLY
r TANK TANKER
r TAPE TAPER
r TAPER TAPERER
r TAP TAPER
r TAP TAPED
r TAP TAPES
r TAP TAPING
r TAR TARED
r TAR TARES
r TAR TARING
r TARSI TARSIER
r TART TARTLY
r TATE TATER
r TAT TATER
r TAT TATES
r TATTIE TATTIER
r TAUT TAUTLY
r TAVERN TAVERNER
r TAWS TAWSED
r TAWS TAWSES
r TAWS TAWSING
r TAXING TAXINGLY
r TEA TEAR
r TEAS TEASER
r TEAS TEASED
r TEAS TEASES
r TEAS TEASING
r TECHIE TECHIER
r TECH TECHED
r TEENAGE TEENAGER
r TEEN TEENER
r TEETHE TEETHER
r TEETH TEETHER
r TEETH TEETHED
r TEETH TEETHES
r TEETH TEETHING
r TELES TELESES
r TEL TELES
r TEL TELLY
r TEMP TEMPER
r TEND TENDER
r TENDER TENDERLY
r TENIAS TENIASES
r TENS TENSER
r TENS TENSED
r TENS TENSES
r TENS TENSING
r TENT TENTER
r TENTH TENTHLY
r TERM TERMER
r TERM TERMLY
r TERN TERNES
r TERRA TERRAS
r TEST TESTES
r TETH TETHER
r THAN THANES
r THEIN THEINES
r THEIR THEIRS
r THEM THEMED
r THEM THEMES
r THEM THEMING
r THERM THERMES
r THESE THESES
r THIAMIN THIAMINES
r THIAZIN THIAZINES
r THIAZOL THIAZOLES
r THICK THICKLY
r THIN THINLY
r THIONIN THIONINES
r THIRD THIRDLY
r THORP THORPES
r THRO THROES
r THUS THUSLY
r THWART THWARTLY
r THYMI THYMIER
r TIE TIER
r TIGHT TIGHTS
r TILL TILLER
r TIL TILER
r TIL TILED
r TIL TILES
r TIL TILING
r TIMBAL TIMBALES
r TIME TIMELY
r TING TINGLY
r TIN TINED
r TIN TINES
r TIN TINING
r TINSEL TINSELLY
r TI TIER
r TI TIED
r TI TIES
r TIT TITER
r TOAST TOASTER
r TOIL TOILES
r TOILE TOILER
r TO TOR
r TO TOED
r TO TOES
r TOLA TOLAR
r TOLAN TOLANES
r TOLIDIN TOLIDINES
r TOLL TOLLER
r TOLUID TOLUIDES
r TOLUOL TOLUOLES
r TOM TOMES
r TON TONER
r TON TONED
r TON TONES
r TON TONING
r TONNE TONNER
r TOPE TOPEES
r TOPO TOPOS
r TOP TOPER
r TOP TOPED
r TOP TOPES
r TOP TOPING
r TOPSIDE TOPSIDER
r TORI TORIES
r TOR TORR
r TOR TORES
r TORS TORSES
r TORPID TORPIDLY
r TORT TORTES
r TOTAL TOTALLY
r TOT TOTER
r TOT TOTED
r TOT TOTES
r TOT TOTING
r TOUCHE TOUCHES
r TOUCHE TOUCHER
r TOUGH TOUGHLY
r TOUR TOURER
r TOW TOWER
r TOWARD TOWARDS
r TOWARD TOWARDLY
r TOXIN TOXINES
r TRAD TRADER
r TRAD TRADED
r TRAD TRADES
r TRAD TRADING
r TRAIL TRAILER
r TRAP TRAPES
r TRASH TRASHER
r TRAWL TRAWLER
r TRENCH TRENCHER
r TRIAZIN TRIAZINES
r TRIBAL TRIBALLY
r TRICK TRICKLY
r TRICORN TRICORNES
r TRYING TRYINGLY
r TRIG TRIGLY
r TRIM TRIMER
r TRIM TRIMLY
r TRIOS TRIOSES
r TRIOXID TRIOXIDES
r TRIP TRIPES
r TRIP TRIPLY
r TRIPTAN TRIPTANES
r TRITON TRITONES
r TROCHE TROCHEES
r TROMP TROMPES
r TROOP TROOPER
r TROP TROPES
r TROPIN TROPINES
r TROUPE TROUPER
r TROUSER TROUSERS
r TROVE TROVER
r TRUANT TRUANTLY
r TRUCK TRUCKER
r TRYST TRYSTES
r TRYSTE TRYSTER
r TUB TUBER
r TUB TUBED
r TUB TUBES
r TUB TUBING
r TUBE TUBER
r TUCK TUCKER
r TUN TUNER
r TUN TUNED
r TUN TUNES
r TUN TUNING
r TUSK TUSKER
r TUSSOR TUSSORES
r TUTTI TUTTIES
r TUYER TUYERES
r TWA TWAES
r TWEEN TWEENER
r TWEET TWEETER
r TWEEZE TWEEZER
r TWIN TWINER
r TWIN TWINED
r TWIN TWINES
r TWIN TWINING
r TYE TYER
r TYE TYEES
r TYMPANI TYMPANIES
r UNCIAL UNCIALLY
r UNDE UNDER
r UNDY UNDYING
r UNFIT UNFITLY
r UNIT UNITER
r UNIT UNITED
r UNIT UNITES
r UNIT UNITING
r UNRIP UNRIPER
r UNSOLD UNSOLDER
r UPLAND UPLANDER
r UPSTAIR UPSTAIRS
r UPSTATE UPSTATER
r UPTOWN UPTOWNER
r UPWARD UPWARDS
r URBAN URBANER
r UREAS UREASES
r URETHAN URETHANES
r US USER
r US USED
r US USES
r US USING
r USUAL USUALLY
r UTILISE UTILISER
r UT UTES
r UTTER UTTERLY
r UVULA UVULAR
r UVULAR UVULARLY
r VACCINE VACCINEES
r VALID VALIDLY
r VALVULA VALVULAR
r VAN VANED
r VAN VANES
r VAPOUR VAPOURER
r VARIED VARIEDLY
r VAS VASES
r VASCULA VASCULAR
r VAST VASTLY
r VAULT VAULTER
r VEAL VEALER
r VEE VEER
r VEILED VEILEDLY
r VEIN VEINER
r VELA VELAR
r VEND VENDER
r VENIN VENINES
r VENT VENTER
r VERBAL VERBALLY
r VERGE VERGER
r VERSE VERSER
r VERST VERSTES
r VESTAL VESTALLY
r VEXING VEXINGLY
r VEXED VEXEDLY
r VIBRATO VIBRATOR
r VICAR VICARLY
r VILLAGE VILLAGER
r VINTAGE VINTAGER
r VIOLATE VIOLATER
r VIS VISED
r VIS VISES
r VIS VISING
r VIRTU VIRTUES
r VISIT VISITER
r VISUAL VISUALLY
r VITAL VITALS
r VITAL VITALLY
r VITAMIN VITAMINES
r VITRIC VITRICS
r VOCAB VOCABLY
r VOCAL VOCALLY
r VOLT VOLTES
r VOTIVE VOTIVELY
r VOUCH VOUCHER
r VYING VYINGLY
r WACKE WACKER
r WACK WACKES
r WAD WADER
r WAD WADED
r WAD WADES
r WAD WADING
r WADI WADIES
r WAESUCK WAESUCKS
r WAFF WAFFLY
r WAGE WAGER
r WAG WAGER
r WAG WAGED
r WAG WAGES
r WAG WAGING
r WAGGON WAGGONER
r WAGON WAGONER
r WAIST WAISTER
r WAIST WAISTING
r WAIT WAITER
r WAIVE WAIVER
r WALE WALER
r WAN WANED
r WAN WANES
r WAN WANING
r WAN WANLY
r WAND WANDER
r WANNABE WANNABEES
r WANTON WANTONLY
r WARD WARDER
r WAR WARED
r WAR WARES
r WAR WARING
r WARM WARMLY
r WARREN WARRENER
r WARSLE WARSLER
r WARSTLE WARSTLER
r WAST WASTER
r WAST WASTED
r WAST WASTES
r WAST WASTING
r WATAP WATAPES
r WAT WATER
r WATTLES WATTLESS
r WATT WATTER
r WAVE WAVER
r WE WEER
r WE WEED
r WE WEES
r WEAK WEAKLY
r WEASEL WEASELLY
r WEB WEBER
r WEDGIE WEDGIER
r WEEK WEEKLY
r WEENIE WEENIER
r WEEPIE WEEPIER
r WEIRD WEIRDLY
r WELCH WELCHER
r WELT WELTER
r WESTER WESTERLY
r WEST WESTER
r WEST WESTING
r WET WETLY
r WHALE WHALER
r WHIN WHINER
r WHIN WHINED
r WHIN WHINES
r WHIN WHINING
r WHIR WHIRLY
r WHISK WHISKER
r WHITE WHITELY
r WHIT WHITER
r WHIT WHITED
r WHIT WHITES
r WHIT WHITING
r WICK WICKER
r WICK WICKED
r WICK WICKING
r WIDOW WIDOWER
r WIFE WIFELY
r WIVE WIVER
r WILD WILDLY
r WINDLES WINDLESS
r WING WINGER
r WINGED WINGEDLY
r WIN WINED
r WIN WINES
r WIN WINING
r WINTER WINTERLY
r WISE WISELY
r WIS WISS
r WIS WISER
r WIS WISED
r WIS WISES
r WIS WISING
r WITHE WITHER
r WITH WITHER
r WITH WITHED
r WITH WITHES
r WITH WITHING
r WOLF WOLFER
r WOMAN WOMANLY
r WONTED WONTEDLY
r WOODBIN WOODBINES
r WOO WOOLY
r WOOING WOOINGLY
r WOOF WOOFER
r WOOL WOOLER
r WOOL WOOLED
r WOOL WOOLLY
r WORLD WORLDLY
r WORSE WORSER
r WO WOES
r WOWS WOWSER
r WRETCH WRETCHED
r WRITER WRITERLY
r WRIT WRITER
r WRIT WRITES
r WRIT WRITING
r WRONG WRONGLY
r XANTHIN XANTHINES
r XYLIDIN XYLIDINES
r XYST XYSTER
r YACHT YACHTER
r YAG YAGER
r YAR YARER
r YARD YARDER
r YA YAR
r YEA YEAR
r YEAR YEARLY
r YE YES
r YIPE YIPES
r YIP YIPES
r YODLE YODLER
r YOK YOKED
r YOK YOKES
r YOK YOKING
r YOND YONDER
r YOU YOUR
r YOUR YOURS
r YOW YOWES
r ZEBRAS ZEBRASS
r ZEST ZESTER
r ZING ZINGER
r ZIN ZINES
r ZOMBI ZOMBIES
r ZONULA ZONULAR
r ZYMOGEN ZYMOGENES
